{
	"$schema": "https://schemas.wp.org/trunk/theme.json",
	"version": 2,
	"slug": "section-3",
	"title": "Style 3",
	"blockTypes": [
		"core/group",
		"core/columns",
		"core/column"
	],
	"styles": {
		"color": {
			"background": "var:preset|color|tertiary",
			"text": "var:preset|color|contrast"
		},
		"blocks": {
			"core/separator": {
				"color": {
					"text": "color-mix(in srgb, currentColor 25%, transparent)"
				}
			},
			"core/post-author-name": {
				"color": {
					"text": "currentColor"
				},
				"elements": {
					"link": {
						"color": {
							"text": "currentColor"
						}
					}
				}
			},
			"core/post-date": {
				"color":{
					"text": "color-mix(in srgb, currentColor 85%, transparent)"
				},
				"elements": {
					"link": {
						"color" : {
							"text": "color-mix(in srgb, currentColor 85%, transparent)"
						}
					}
				}
			},
			"core/post-terms": {
				"color": {
					"text": "currentColor"
				},
				"elements": {
					"link": {
						"color": {
							"text": "currentColor"
						}
					}
				}
			},
			"core/comment-author-name": {
				"color": {
					"text": "currentColor"
				},
				"elements": {
					"link": {
						"color": {
							"text": "currentColor"
						}
					}
				}
			},
			"core/comment-date": {
				"color": {
					"text": "currentColor"
				},
				"elements": {
					"link": {
						"color": {
							"text": "currentColor"
						}
					}
				}
			},
			"core/comment-edit-link": {
				"color": {
					"text": "currentColor"
				},
				"elements": {
					"link": {
						"color": {
							"text": "currentColor"
						}
					}
				}
			},
			"core/comment-reply-link": {
				"color": {
					"text": "currentColor"
				},
				"elements": {
					"link": {
						"color": {
							"text": "currentColor"
						}
					}
				}
			},
			"core/pullquote": {
				"color": {
					"text": "currentColor"
				}
			},
			"core/quote": {
				"color": {
					"text": "currentColor"
				}
			}
		}
	}
}
